location,link
St. Paul's Churchyard,https://youtu.be/1eTv9pYVzMY?t=22
St. Paul's Churchyard,https://youtu.be/fSwOnBKVPSQ?t=80
St. Paul's Churchyard,https://youtu.be/vbANGj9-hMc
Hyde Park,https://youtu.be/gdltMgnzCK4
Hyde Park,https://youtu.be/mHDDBgr2mMQ
Westminster,https://youtu.be/d-ck3xFdMug?t=8
London Eye,https://youtu.be/FGdIMWQFYBo?t=126
London Eye,https://youtu.be/pkSUuBugQOo?t=79
London Eye,https://youtu.be/yI98xvBJ0i4
London Eye,https://youtu.be/DIB_vr-txEs?t=16
Warner Bros. Studio Tour,https://youtu.be/zOCnDMlH8eU
Warner Bros. Studio Tour,https://youtu.be/ncY7NZbeo5M?t=220
Warner Bros. Studio Tour,https://youtu.be/XouILXvKyyI
Buckingham Palace,https://youtu.be/5g7ZCHjQdnQ
Buckingham Palace,https://youtu.be/uoa3eY0stYw
Churchill War Rooms,https://youtu.be/WsnY6xUnFHc
Churchill War Rooms,https://youtu.be/ngISnYWwypw
Tower of London,https://youtu.be/ChCi1CGFt50
Tower of London,https://youtu.be/tc4Me4LBuJ8
Kensington Palace,https://youtu.be/18Z7BC6rEIg
Kensington Palace,https://youtu.be/hqKj91a3ijw
Madame Tussauds,https://youtu.be/IrJLeWh3e8k
Tower Bridge Offices,https://youtu.be/hL4K-RM-z7c
Big Ben,https://youtu.be/inD5GnTjs_E
Big Ben,https://youtu.be/KclMCwsJsTs
